image_id_a,image_id_b,path_a,path_b,label_a,label_b,source_group_a,source_group_b,kind,hamming_distance,label_conflict,review
aa519cc041d545982c7c114a,0f7893924bfe04f2420c1a33,healthy/068e324c-faf6-40d6-8f83-578907f1cac5___GH_HL Leaf 466.1.JPG,healthy/34c81c57-e1fa-49dd-a49d-34fe8b2385fe___GH_HL Leaf 466.1.JPG,healthy,healthy,fallback:aa519cc041d545982c7c114a,fallback:0f7893924bfe04f2420c1a33,exact,0,False,manual review required
a5a7f58228c447476cefc1da,01f15a2c3a749bcbf046dc9f,healthy/1af0bfe1-4bcf-4b8b-be66-5d0953eb647e___GH_HL Leaf 482.2.JPG,healthy/cfd491d6-4af5-4728-8f0e-0d330a07174a___GH_HL Leaf 482.2.JPG,healthy,healthy,fallback:a5a7f58228c447476cefc1da,fallback:01f15a2c3a749bcbf046dc9f,exact,0,False,manual review required
d638f228f01862db8e6828bf,77f53374286d01d04375acbe,healthy/37203047-d8ba-43f7-b31e-d496c41c569c___GH_HL Leaf 389.JPG,healthy/505465db-407b-4e0a-8110-7479dad5261c___GH_HL Leaf 389.JPG,healthy,healthy,fallback:d638f228f01862db8e6828bf,fallback:77f53374286d01d04375acbe,exact,0,False,manual review required
2467c7566782b6d46d9f1aad,82c34a205cf376272c95004d,healthy/37aad83b-7ff8-4b35-b3ed-fb8e0f54910b___GH_HL Leaf 342.1.JPG,healthy/e786ac89-29fe-47e3-b49e-b9a9ee7edd9d___GH_HL Leaf 342.1.JPG,healthy,healthy,fallback:2467c7566782b6d46d9f1aad,fallback:82c34a205cf376272c95004d,exact,0,False,manual review required
5d7eefe1494a1a57a9fbc102,8604b76761ed17142c8c7361,healthy/488feb1c-4b9f-44e7-8aa6-4103a9601f5f___GH_HL Leaf 434.JPG,healthy/a5de43e7-fc2f-4a14-a8e6-c0f2f94c84f1___GH_HL Leaf 434.JPG,healthy,healthy,fallback:5d7eefe1494a1a57a9fbc102,fallback:8604b76761ed17142c8c7361,exact,0,False,manual review required
4dd08dfd268172c2c3407f83,4caa4a79c14333942c9f4611,healthy/9662364c-aaba-45e3-b907-10792d60578c___GH_HL Leaf 220.JPG,healthy/d2ce7896-6fa4-45e6-96c5-d162da0e3e1c___GH_HL Leaf 220.JPG,healthy,healthy,fallback:4dd08dfd268172c2c3407f83,fallback:4caa4a79c14333942c9f4611,exact,0,False,manual review required
8d4dc1cbc8efe32e03b07603,2a2a883d4a3427dbcb66ae5b,late_blight/1a69b38b-c4eb-42c4-9584-bcb14fb8db0c___GHLB2 Leaf 9011.JPG,late_blight/2c47b891-3c97-48f1-a2cc-5aa53d3a1148___GHLB2 Leaf 9011.JPG,late_blight,late_blight,fallback:8d4dc1cbc8efe32e03b07603,fallback:2a2a883d4a3427dbcb66ae5b,exact,0,False,manual review required
29d616e8b7fdfe169f64e597,e79db31c0f8f192cffd795be,late_blight/3fae9c64-18f0-4a67-9f97-554248bb1bed___GHLB_PS Leaf 24 Day 16.jpg,late_blight/5de6da85-f8c4-48c4-b463-3e6bd78884cc___GHLB_PS Leaf 24 Day 16.jpg,late_blight,late_blight,fallback:29d616e8b7fdfe169f64e597,fallback:e79db31c0f8f192cffd795be,exact,0,False,manual review required
edd31c5e96ab77587a77fa70,ca9edffc0d7bad1984d5bb20,late_blight/48c55974-9fe9-4f4b-94f7-c8cd127d1e05___GHLB_PS Leaf 23.7 Day 13.jpg,late_blight/bd4f09bd-ee85-4ab1-bce0-8cde3fdd7f1b___GHLB_PS Leaf 23.7 Day 13.jpg,late_blight,late_blight,fallback:edd31c5e96ab77587a77fa70,fallback:ca9edffc0d7bad1984d5bb20,exact,0,False,manual review required
dfef2f829b7130282cf4971f,8d3d58478c203f74788519d8,late_blight/5688ea99-c949-41d0-bbab-9cbf0ffb8bcd___GHLB2 Leaf 8677.JPG,late_blight/e20107e7-137f-400e-817f-5dc4c58e5d70___GHLB2 Leaf 8677.JPG,late_blight,late_blight,fallback:dfef2f829b7130282cf4971f,fallback:8d3d58478c203f74788519d8,exact,0,False,manual review required
96aa0062a1e03448c5299a0d,edc4cfa4b4e4755125e2cf82,late_blight/5f21282c-e2ef-4c4a-ace1-b5701fe7effc___GHLB2 Leaf 8999.JPG,late_blight/e5d707cd-077c-43af-bda9-6138e516ff51___GHLB2 Leaf 8999.JPG,late_blight,late_blight,fallback:96aa0062a1e03448c5299a0d,fallback:edc4cfa4b4e4755125e2cf82,exact,0,False,manual review required
7cf5d4e797517d18825dfc6d,5155fa6e947fce9264ba7587,late_blight/861d8b00-57a4-46b0-b51a-09d102dbe119___GHLB_PS Leaf 24 Day 13.jpg,late_blight/d82b634e-9a19-497b-b698-aaf100d622a1___GHLB_PS Leaf 24 Day 13.jpg,late_blight,late_blight,fallback:7cf5d4e797517d18825dfc6d,fallback:5155fa6e947fce9264ba7587,exact,0,False,manual review required
3e5c309f6a2cbd9d4c112e38,996e96a6c9781b795abb9016,late_blight/98586693-fe1f-4ea0-8e27-4501b61cf09b___GHLB_PS Leaf 23.5 Day 13.jpg,late_blight/c1775bad-7c02-41fb-bb7d-f8df91d60ac3___GHLB_PS Leaf 23.5 Day 13.jpg,late_blight,late_blight,fallback:3e5c309f6a2cbd9d4c112e38,fallback:996e96a6c9781b795abb9016,exact,0,False,manual review required
f56a35edead7ca44fc097b96,93c83d6ae756f8782481b9de,late_blight/d6e6897a-5083-4914-9903-804c5684a956___GHLB2 Leaf 102.JPG,late_blight/d81682aa-746b-4e07-af2b-52ebb6f4c017___GHLB2 Leaf 102.JPG,late_blight,late_blight,fallback:f56a35edead7ca44fc097b96,fallback:93c83d6ae756f8782481b9de,exact,0,False,manual review required
